id,date,adj_open,adj_close,symbol,end_val
0,1/2/2020 0:00,124.66,125.85,AXP,0.033210332
1,1/14/2020 0:00,128.62,128.8,AXP,0.033210332
2,1/2/2019 0:00,92.23299277,93.97138482,AXP,0.345137911
3,12/31/2019 0:00,123.8667762,124.0660952,AXP,0.345137911
4,1/2/2018 0:00,96.55523657,95.7903851,AXP,-0.030422203
5,12/31/2018 0:00,93.4312065,93.61781355,AXP,-0.030422203
6,1/3/2017 0:00,71.36305924,71.80139556,AXP,0.347316212
7,12/29/2017 0:00,96.8166415,96.14860667,AXP,0.347316212
8,1/4/2016 0:00,63.65361788,63.18619522,AXP,0.108989693
9,12/30/2016 0:00,70.47685754,70.59120615,AXP,0.108989693
10,1/2/2015 0:00,85.91676142,85.77843885,AXP,-0.243238561
11,12/31/2015 0:00,65.44852089,65.01849205,AXP,-0.243238561
12,1/2/2014 0:00,82.9167474,81.59409302,AXP,0.034735256
13,12/31/2014 0:00,87.28154415,85.79688186,AXP,0.034735256
14,1/2/2013 0:00,52.72145804,53.10107423,AXP,0.569791137
15,12/31/2013 0:00,81.9772067,82.76167758,AXP,0.569791137
16,1/3/2012 0:00,42.90362214,42.98356678,AXP,0.206819442
17,12/31/2012 0:00,50.86713591,51.77692531,AXP,0.206819442
18,1/3/2011 0:00,37.86928496,37.95674289,AXP,0.106434221
19,12/30/2011 0:00,42.3262442,41.8998728,AXP,0.106434221
20,1/4/2010 0:00,35.05924745,35.15374677,AXP,0.070671721
21,12/31/2010 0:00,37.17836729,37.53694482,AXP,0.070671721
22,1/2/2009 0:00,15.41444293,16.04529789,AXP,1.258279008
23,12/31/2009 0:00,35.13656507,34.81011288,AXP,1.258279008
24,1/2/2008 0:00,42.6514618,41.79171838,AXP,-0.638984437
25,12/31/2008 0:00,14.91639953,15.39784148,AXP,-0.638984437
26,1/3/2007 0:00,49.54130346,48.87729775,AXP,-0.143251065
27,12/31/2007 0:00,41.48982584,42.444459,AXP,-0.143251065
28,1/3/2006 0:00,41.34235213,42.04605174,AXP,0.185383418
29,12/29/2006 0:00,49.31348584,49.00653867,AXP,0.185383418
30,1/3/2005 0:00,39.30280046,38.82366738,AXP,0.047010228
31,12/30/2005 0:00,40.63865252,41.15043406,AXP,0.047010228
32,1/2/2004 0:00,33.4243585,32.95505097,AXP,0.17109471
33,12/31/2004 0:00,39.10142569,39.14308944,AXP,0.17109471
34,1/2/2003 0:00,24.48822922,25.08333423,AXP,0.359278639
35,12/31/2003 0:00,33.34153953,33.28632688,AXP,0.359278639
36,1/2/2002 0:00,24.16681561,24.32273055,AXP,0.000562783
37,12/31/2002 0:00,24.2830206,24.18041628,AXP,0.000562783
38,1/2/2001 0:00,36.55795398,34.88098362,AXP,-0.339675651
39,12/31/2001 0:00,24.56622841,24.14010715,AXP,-0.339675651
40,1/3/2000 0:00,36.60169477,34.98855017,AXP,0.006868698
41,12/29/2000 0:00,36.55795398,36.85310077,AXP,0.006868698
42,1/2/2020 0:00,149,150.53,CAT,-0.01557047
43,1/14/2020 0:00,147.45,146.68,CAT,-0.01557047
44,1/2/2019 0:00,120.6489432,122.9348822,CAT,0.224047191
45,12/31/2019 0:00,147.43,147.68,CAT,0.224047191
46,1/2/2018 0:00,150.5857906,149.3871924,CAT,-0.179165097
47,12/31/2018 0:00,123.148885,123.6060728,CAT,-0.179165097
48,1/3/2017 0:00,86.82017189,86.8109357,CAT,0.726567387
49,12/29/2017 0:00,150.3479735,149.9008773,CAT,0.726567387
50,1/4/2016 0:00,59.29197907,60.27604152,CAT,0.444654294
51,12/30/2016 0:00,85.93349779,85.65641214,CAT,0.444654294
52,1/2/2015 0:00,78.44288721,78.53691268,CAT,-0.231932335
53,12/31/2015 0:00,60.68385119,60.24944524,CAT,-0.231932335
54,1/2/2014 0:00,75.28756027,74.83788344,CAT,0.039185497
55,12/31/2014 0:00,79.40023747,78.23774073,CAT,0.039185497
56,1/2/2013 0:00,75.84106747,76.28983119,CAT,-0.002906252
57,12/31/2013 0:00,75.77887385,75.62065423,CAT,-0.002906252
58,1/3/2012 0:00,73.69709876,74.65833073,CAT,-0.007903633
59,12/31/2012 0:00,70.83123257,73.11462393,CAT,-0.007903633
60,1/3/2011 0:00,73.61505215,73.43565543,CAT,-0.022302717
61,12/30/2011 0:00,72.06856526,71.97323647,CAT,-0.022302717
62,1/4/2010 0:00,43.83037362,44.51462924,CAT,0.666731456
63,12/31/2010 0:00,73.18606,73.05346243,CAT,0.666731456
64,1/2/2009 0:00,32.71665791,34.17364557,CAT,0.324358567
65,12/31/2009 0:00,43.79235942,43.32858617,CAT,0.324358567
66,1/2/2008 0:00,51.55202333,50.132444,CAT,-0.368757669
67,12/31/2008 0:00,31.83518038,32.54181939,CAT,-0.368757669
68,1/3/2007 0:00,43.01333141,42.62996839,CAT,0.197357572
69,12/31/2007 0:00,51.8146455,51.50233805,CAT,0.197357572
70,1/3/2006 0:00,39.70244783,39.65442344,CAT,0.076721078
71,12/29/2006 0:00,42.60208744,42.74846241,CAT,0.076721078
72,1/3/2005 0:00,32.36793035,32.02101081,CAT,0.224478709
73,12/30/2005 0:00,39.68872657,39.63384156,CAT,0.224478709
74,1/2/2004 0:00,27.47520735,27.30342537,CAT,0.195362758
75,12/31/2004 0:00,32.85631224,32.84283963,CAT,0.195362758
76,1/2/2003 0:00,14.8103908,15.39055845,CAT,0.851784685
77,12/31/2003 0:00,27.88153782,27.42565486,CAT,0.851784685
78,1/2/2002 0:00,16.37080969,16.15190679,CAT,-0.099845484
79,12/31/2002 0:00,14.66534889,14.73625827,CAT,-0.099845484
80,1/2/2001 0:00,14.04483559,14.06305591,CAT,0.16338406
81,12/31/2001 0:00,16.5271689,16.33953784,CAT,0.16338406
82,1/3/2000 0:00,14.32731589,14.25403788,CAT,0.00275084
83,12/29/2000 0:00,14.29081,14.36672803,CAT,0.00275084
84,1/2/2020 0:00,145.29,148.2,DIS,-0.000619451
85,1/14/2020 0:00,143.41,145.2,DIS,-0.000619451
86,1/2/2019 0:00,106.7942803,107.6537717,DIS,0.354286012
87,12/31/2019 0:00,143.67,144.63,DIS,0.354286012
88,1/2/2018 0:00,105.9454188,108.7168226,DIS,0.022465713
89,12/31/2018 0:00,107.7920807,108.3255581,DIS,0.022465713
90,1/3/2017 0:00,100.8165744,101.5633639,DIS,0.036983563
91,12/29/2017 0:00,105.0702387,104.5451306,DIS,0.036983563
92,1/4/2016 0:00,97.28815447,97.15607203,DIS,0.025639337
93,12/30/2016 0:00,100.1176561,99.78255829,DIS,0.025639337
94,1/2/2015 0:00,88.4649896,87.38376119,DIS,0.120638901
95,12/31/2015 0:00,100.1373615,99.13730869,DIS,0.120638901
96,1/2/2014 0:00,69.9990143,70.21074199,DIS,0.25421598
97,12/31/2014 0:00,88.67005016,87.79388231,DIS,0.25421598
98,1/2/2013 0:00,46.19366422,46.46646145,DIS,0.522512131
99,12/31/2013 0:00,70.21994754,70.33041416,DIS,0.522512131
100,1/3/2012 0:00,34.00715495,34.3116699,DIS,0.331344741
101,12/31/2012 0:00,44.4568552,45.27524688,DIS,0.331344741
102,1/3/2011 0:00,33.23402599,33.30447438,DIS,0.010597025
103,12/30/2011 0:00,33.79220322,33.58620781,DIS,0.010597025
104,1/4/2010 0:00,28.09364116,27.93683944,DIS,0.175763821
105,12/31/2010 0:00,32.90820221,33.03148688,DIS,0.175763821
106,1/2/2009 0:00,19.60745346,20.60677885,DIS,0.432804174
107,12/31/2009 0:00,28.11106357,28.09364116,DIS,0.432804174
108,1/2/2008 0:00,27.40571037,27.01541233,DIS,-0.286749036
109,12/31/2008 0:00,19.44377085,19.54714934,DIS,-0.286749036
110,1/3/2007 0:00,28.71937114,28.71097612,DIS,-0.046332151
111,12/31/2007 0:00,27.50752725,27.38874089,DIS,-0.046332151
112,1/3/2006 0:00,20.03492832,20.30117322,DIS,0.435979247
113,12/29/2006 0:00,28.89566661,28.76974128,DIS,0.435979247
114,1/3/2005 0:00,22.89160946,22.92453519,DIS,-0.12878967
115,12/30/2005 0:00,20.09316939,19.94340664,DIS,-0.12878967
116,1/2/2004 0:00,18.97637099,19.12178379,DIS,0.205887999
117,12/31/2004 0:00,23.03154379,22.88337803,DIS,0.205887999
118,1/2/2003 0:00,13.44586304,13.81402357,DIS,0.40170364
119,12/31/2003 0:00,18.83095818,18.84711516,DIS,0.40170364
120,1/2/2002 0:00,16.52150997,16.95628654,DIS,-0.209897155
121,12/31/2002 0:00,12.7655664,13.05369203,DIS,-0.209897155
122,1/2/2001 0:00,21.79438447,21.64717747,DIS,-0.248466068
123,12/31/2001 0:00,16.56103511,16.37921945,DIS,-0.248466068
124,1/3/2000 0:00,22.41941021,22.99663499,DIS,0.000113338
125,12/29/2000 0:00,22.32123059,22.42195118,DIS,0.000113338
126,1/2/2020 0:00,219.08,219.66,HD,0.017025744
127,1/14/2020 0:00,222.48,222.81,HD,0.017025744
128,1/2/2019 0:00,165.2301555,167.8588835,HD,0.321671576
129,12/31/2019 0:00,217.1,218.38,HD,0.321671576
130,1/2/2018 0:00,181.1369111,179.0608979,HD,-0.076475044
131,12/31/2018 0:00,166.9436967,167.2844578,HD,-0.076475044
132,1/3/2017 0:00,125.7587472,125.0233704,HD,0.435203127
133,12/29/2017 0:00,181.6416298,180.4893473,HD,0.435203127
134,1/4/2016 0:00,118.5873444,119.462326,HD,0.052467056
135,12/30/2016 0:00,126.2614099,124.8092733,HD,0.052467056
136,1/2/2015 0:00,93.9410582,92.39562238,HD,0.283121848
137,12/31/2015 0:00,121.2943186,120.5378242,HD,0.283121848
138,1/2/2014 0:00,71.79035802,71.71166928,HD,0.306182764
139,12/31/2014 0:00,93.57479884,93.77132825,HD,0.306182764
140,1/2/2013 0:00,54.43743854,54.36036807,HD,0.32246214
141,12/31/2013 0:00,71.6854397,71.99145146,HD,0.32246214
142,1/3/2012 0:00,35.53888178,35.31262622,HD,0.490326472
143,12/31/2012 0:00,51.73140887,52.96453632,HD,0.490326472
144,1/3/2011 0:00,28.66160682,28.75117434,HD,0.229129549
145,12/30/2011 0:00,35.32100606,35.22882787,HD,0.229129549
146,1/4/2010 0:00,23.01790489,22.63887935,HD,0.240235023
147,12/31/2010 0:00,28.28705173,28.54761179,HD,0.240235023
148,1/2/2009 0:00,17.55345124,18.35998172,HD,0.301407031
149,12/31/2009 0:00,22.9705267,22.84418485,HD,0.301407031
150,1/2/2008 0:00,19.82875041,19.18224057,HD,-0.116666104
151,12/31/2008 0:00,17.60671268,17.51540735,HD,-0.116666104
152,1/3/2007 0:00,29.5570246,29.39242131,HD,-0.330378576
153,12/31/2007 0:00,19.33652133,19.79201689,HD,-0.330378576
154,1/3/2006 0:00,28.38970408,28.9871601,HD,0.012379867
155,12/29/2006 0:00,28.38333161,28.74116484,HD,0.012379867
156,1/3/2005 0:00,29.91995142,29.99650863,HD,-0.049030403
157,12/30/2005 0:00,28.57245534,28.45296413,HD,-0.049030403
158,1/2/2004 0:00,24.66777186,24.16406631,HD,0.205863177
159,12/31/2004 0:00,29.82251497,29.74595775,HD,0.205863177
160,1/2/2003 0:00,16.56016517,17.01845971,HD,0.478751548
161,12/31/2003 0:00,24.27446753,24.48836989,HD,0.478751548
162,1/2/2002 0:00,34.67688352,34.25540405,HD,-0.526191532
163,12/31/2002 0:00,16.10871085,16.43020105,HD,-0.526191532
164,1/2/2001 0:00,30.94484578,30.8567996,HD,0.120602887
165,12/31/2001 0:00,34.68368158,34.67688352,HD,0.120602887
166,1/3/2000 0:00,46.3176306,44.00242406,HD,-0.331899206
167,12/29/2000 0:00,29.59028917,30.94484578,HD,-0.331899206
168,1/2/2020 0:00,135,135.42,IBM,0.006074074
169,1/14/2020 0:00,136.28,135.82,IBM,0.006074074
170,1/2/2019 0:00,106.8875046,109.9411606,IBM,0.254028715
171,12/31/2019 0:00,132.53,134.04,IBM,0.254028715
172,1/2/2018 0:00,141.0184804,140.7902951,IBM,-0.230798769
173,12/31/2018 0:00,108.1471377,108.4715886,IBM,-0.230798769
174,1/3/2017 0:00,146.7294594,146.8963971,IBM,-0.045640046
175,12/29/2017 0:00,140.7172758,140.0327201,IBM,-0.045640046
176,1/4/2016 0:00,114.7866807,115.082959,IBM,0.270548576
177,12/30/2016 0:00,146.2374324,145.8420536,IBM,0.270548576
178,1/2/2015 0:00,132.2167668,132.8314998,IBM,-0.118896699
179,12/31/2015 0:00,117.7240684,116.4966297,IBM,-0.118896699
180,1/2/2014 0:00,149.8208665,148.4763921,IBM,-0.122260606
181,12/31/2014 0:00,131.4790872,131.5036766,IBM,-0.122260606
182,1/2/2013 0:00,152.3790495,154.1533637,IBM,-0.014897595
183,12/31/2013 0:00,149.2446632,150.1089682,IBM,-0.014897595
184,1/3/2012 0:00,144.1602068,143.8282361,IBM,0.043179058
185,12/31/2012 0:00,148.5634888,150.3849087,IBM,0.043179058
186,1/3/2011 0:00,111.7522748,111.9572412,IBM,0.270309139
187,12/30/2011 0:00,143.8513969,141.9599359,IBM,0.270309139
188,1/4/2010 0:00,97.69499596,98.64081578,IBM,0.140392738
189,12/31/2010 0:00,111.3878899,111.410664,IBM,0.140392738
190,1/2/2009 0:00,61.266739,63.80826066,IBM,0.591180963
191,12/31/2009 0:00,98.61102618,97.48646875,IBM,0.591180963
192,1/2/2008 0:00,78.20978336,75.1241602,IBM,-0.214114611
193,12/31/2008 0:00,60.9819133,61.46392603,IBM,-0.214114611
194,1/3/2007 0:00,68.75829974,68.82906057,IBM,0.128171165
195,12/31/2007 0:00,78.39635593,77.57113113,IBM,0.128171165
196,1/3/2006 0:00,57.57181638,57.29949366,IBM,0.194059036
197,12/29/2006 0:00,68.63800632,68.74414757,IBM,0.194059036
198,1/3/2005 0:00,68.46308941,67.61914712,IBM,-0.161632187
199,12/30/2005 0:00,57.15285835,57.39725054,IBM,-0.161632187
200,1/2/2004 0:00,63.74178046,62.8425587,IBM,0.069836834
201,12/31/2004 0:00,68.2071397,68.19330458,IBM,0.069836834
202,1/2/2003 0:00,53.68261223,54.88842725,IBM,0.185080618
203,12/31/2003 0:00,63.60449469,63.61822327,IBM,0.185080618
204,1/2/2002 0:00,81.57489865,82.18366655,IBM,-0.352779026
205,12/31/2002 0:00,52.52448481,52.79698538,IBM,-0.352779026
206,1/2/2001 0:00,56.87876164,57.08742929,IBM,0.438470238
207,12/31/2001 0:00,83.02917753,81.81840581,IBM,0.438470238
208,1/3/2000 0:00,75.33951163,77.72486081,IBM,-0.240566854
209,12/29/2000 0:00,58.52117795,57.21532236,IBM,-0.240566854
210,1/2/2020 0:00,60.24,60.84,INTC,-0.013446215
211,1/14/2020 0:00,59.49,59.43,INTC,-0.013446215
212,1/2/2019 0:00,44.84482833,45.93765269,INTC,0.334602054
213,12/31/2019 0:00,59.62,59.85,INTC,0.334602054
214,1/2/2018 0:00,44.14958689,44.5969846,INTC,0.037185068
215,12/31/2018 0:00,45.94741005,45.79129229,INTC,0.037185068
216,1/3/2017 0:00,33.89754044,33.88828134,INTC,0.296264157
217,12/29/2017 0:00,43.98776218,43.94016668,INTC,0.296264157
218,1/4/2016 0:00,30.36087013,30.45944438,INTC,0.106118867
219,12/30/2016 0:00,34.06420412,33.58273127,INTC,0.106118867
220,1/2/2015 0:00,31.90089284,31.6312098,INTC,-0.032263324
221,12/31/2015 0:00,31.20323193,30.87166399,INTC,-0.032263324
222,1/2/2014 0:00,21.73051531,21.73894453,INTC,0.452810169
223,12/31/2014 0:00,31.86609503,31.57031364,INTC,0.452810169
224,1/2/2013 0:00,17.14585874,17.33231489,INTC,0.275994799
225,12/31/2013 0:00,21.75580296,21.87802657,INTC,0.275994799
226,1/3/2012 0:00,19.29295278,19.23018433,INTC,-0.13355933
227,12/31/2012 0:00,16.41219433,16.71619892,INTC,-0.13355933
228,1/3/2011 0:00,15.9093325,15.78817623,INTC,0.19445192
229,12/30/2011 0:00,19.14398546,19.00293276,INTC,0.19445192
230,1/4/2010 0:00,15.27320551,15.33932329,INTC,0.042641443
231,12/31/2010 0:00,15.92705161,15.92447704,INTC,0.042641443
232,1/2/2009 0:00,10.43571972,10.79802177,INTC,0.436095983
233,12/31/2009 0:00,15.13362355,14.98669517,INTC,0.436095983
234,1/2/2008 0:00,18.16032547,17.51766555,INTC,-0.42652967
235,12/31/2008 0:00,10.44992764,10.41440784,INTC,-0.42652967
236,1/3/2007 0:00,13.8613303,13.79354873,INTC,0.329087274
237,12/31/2007 0:00,18.40218673,18.4229177,INTC,0.329087274
238,1/3/2006 0:00,16.73213055,16.97780072,INTC,-0.179676065
239,12/29/2006 0:00,13.78677058,13.72576717,INTC,-0.179676065
240,1/3/2005 0:00,15.49183192,15.11829791,INTC,0.069775157
241,12/30/2005 0:00,16.60597559,16.57277692,INTC,0.069775157
242,1/2/2004 0:00,21.07333395,20.94309084,INTC,-0.272635206
243,12/31/2004 0:00,15.30834153,15.32800121,INTC,-0.272635206
244,1/2/2003 0:00,10.3934223,10.82810351,INTC,1.00814097
245,12/31/2003 0:00,20.99518809,20.87145714,INTC,1.00814097
246,1/2/2002 0:00,20.61974177,21.33076735,INTC,-0.510106754
247,12/31/2002 0:00,10.19230114,10.10147223,INTC,-0.510106754
248,1/2/2001 0:00,19.78596975,20.02451028,INTC,0.02743853
249,12/31/2001 0:00,20.78133849,20.32886767,INTC,0.02743853
250,1/3/2000 0:00,26.80785759,28.00868993,INTC,-0.277084859
251,12/29/2000 0:00,19.94714578,19.37980615,INTC,-0.277084859
252,1/2/2020 0:00,145.87,145.97,JNJ,0.004456022
253,1/14/2020 0:00,145.05,146.52,JNJ,0.004456022
254,1/2/2019 0:00,125.554412,125.1820505,JNJ,0.161807042
255,12/31/2019 0:00,145.1,145.87,JNJ,0.161807042
256,1/2/2018 0:00,133.2448137,132.8345655,JNJ,-0.050950539
257,12/31/2018 0:00,125.6034069,126.4559187,JNJ,-0.050950539
258,1/3/2017 0:00,107.6821474,107.7379509,JNJ,0.237921614
259,12/29/2017 0:00,134.5041804,133.3020577,JNJ,0.237921614
260,1/4/2016 0:00,92.00159611,90.88900184,JNJ,0.1646756
261,12/30/2016 0:00,107.7007485,107.1520141,JNJ,0.1646756
262,1/2/2015 0:00,92.27316371,91.80762562,JNJ,0.006957885
263,12/31/2015 0:00,93.5031461,92.91518978,JNJ,0.006957885
264,1/2/2014 0:00,77.89665629,77.80264014,JNJ,0.179146175
265,12/31/2014 0:00,92.76505302,91.85154431,JNJ,0.179146175
266,1/2/2013 0:00,58.91510002,58.76577986,JNJ,0.328713145
267,12/31/2013 0:00,78.77698936,78.28126783,JNJ,0.328713145
268,1/3/2012 0:00,52.47937169,52.71140428,JNJ,0.108090783
269,12/31/2012 0:00,57.43848952,58.15190808,JNJ,0.108090783
270,1/3/2011 0:00,48.35047124,48.49715158,JNJ,0.085229766
271,12/30/2011 0:00,52.47937169,52.47137057,JNJ,0.085229766
272,1/4/2010 0:00,48.25162905,48.22925927,JNJ,-0.010431134
273,12/31/2010 0:00,47.78690994,47.74830985,JNJ,-0.010431134
274,1/2/2009 0:00,43.37744399,43.75256906,JNJ,0.107209803
275,12/31/2009 0:00,48.55734947,48.02793119,JNJ,0.107209803
276,1/2/2008 0:00,46.69825594,46.24221829,JNJ,-0.075746518
277,12/31/2008 0:00,42.69211933,43.16102567,JNJ,-0.075746518
278,1/3/2007 0:00,45.24130705,45.42602129,JNJ,0.034375054
279,12/31/2007 0:00,47.21042131,46.79647944,JNJ,0.034375054
280,1/3/2006 0:00,40.815704,41.18997605,JNJ,0.106585179
281,12/29/2006 0:00,45.26867212,45.1660531,JNJ,0.106585179
282,1/3/2005 0:00,41.51709745,41.22218516,JNJ,-0.032509164
283,12/30/2005 0:00,40.16741133,40.16741133,JNJ,-0.032509164
284,1/2/2004 0:00,33.20614163,33.20614163,JNJ,0.251665224
285,12/31/2004 0:00,41.74647368,41.5629727,JNJ,0.251665224
286,1/2/2003 0:00,34.26446234,34.94659357,JNJ,-0.030886832
287,12/31/2003 0:00,32.96831213,33.20614163,JNJ,-0.030886832
288,1/2/2002 0:00,36.70011058,36.57549221,JNJ,-0.07565955
289,12/31/2002 0:00,33.980241,33.92339673,JNJ,-0.07565955
290,1/2/2001 0:00,31.97295412,31.35808962,JNJ,0.151746217
291,12/31/2001 0:00,37.19858407,36.82472896,JNJ,0.151746217
292,1/3/2000 0:00,28.29580451,28.01020313,JNJ,0.141905316
293,12/29/2000 0:00,32.21889992,32.31112959,JNJ,0.141905316
294,1/2/2020 0:00,138.886445,140.1780422,JPM,-0.000622415
295,1/14/2020 0:00,137.94,138.8,JPM,-0.000622415
296,1/2/2019 0:00,92.43744792,95.67444453,JPM,0.498299325
297,12/31/2019 0:00,137.6147185,138.4989658,JPM,0.498299325
298,1/2/2018 0:00,101.3913747,101.6928264,JPM,-0.072442675
299,12/31/2018 0:00,94.01741055,94.04631231,JPM,-0.072442675
300,1/3/2017 0:00,80.45929295,80.35795883,JPM,0.252078734
301,12/29/2017 0:00,101.8247115,100.7413696,JPM,0.252078734
302,1/4/2016 0:00,57.6075211,57.31025008,JPM,0.379889486
303,12/30/2016 0:00,79.31698103,79.4920127,JPM,0.379889486
304,1/2/2015 0:00,54.89604275,54.7820778,JPM,0.076082646
305,12/31/2015 0:00,59.21582036,59.07267893,JPM,0.076082646
306,1/2/2014 0:00,49.78864703,49.70326091,JPM,0.09486895
307,12/31/2014 0:00,55.13921966,54.5120437,JPM,0.09486895
308,1/2/2013 0:00,37.37124933,37.10538006,JPM,0.327489614
309,12/31/2013 0:00,49.37241483,49.60994535,JPM,0.327489614
310,1/3/2012 0:00,27.29653479,28.03384577,JPM,0.329384589
311,12/31/2012 0:00,35.57032652,36.28759267,JPM,0.329384589
312,1/3/2011 0:00,33.75410021,34.20938807,JPM,-0.210543893
313,12/30/2011 0:00,26.53518106,26.64738056,JPM,-0.210543893
314,1/4/2010 0:00,32.68071218,33.50965582,JPM,0.018913302
315,12/31/2010 0:00,33.05546883,33.29881235,JPM,0.018913302
316,1/2/2009 0:00,24.25474062,24.37916378,JPM,0.340349684
317,12/31/2009 0:00,32.50983392,32.50983392,JPM,0.340349684
318,1/2/2008 0:00,32.5133546,31.54102055,JPM,-0.254906245
319,12/31/2008 0:00,23.58778217,24.22549745,JPM,-0.254906245
320,1/3/2007 0:00,34.78228105,34.83300521,JPM,-0.069744246
321,12/31/2007 0:00,31.97095691,32.35641709,JPM,-0.069744246
322,1/3/2006 0:00,27.76814572,28.0191257,JPM,0.251572791
323,12/29/2006 0:00,35.17838514,34.75385565,JPM,0.251572791
324,1/3/2005 0:00,26.48327852,26.26191373,JPM,0.044830698
325,12/30/2005 0:00,27.68448573,27.6705424,JPM,0.044830698
326,1/2/2004 0:00,23.90619214,23.9454255,JPM,0.094611858
327,12/31/2004 0:00,26.21495757,26.1680014,JPM,0.094611858
328,1/2/2003 0:00,15.82777298,15.94687305,JPM,0.503459425
329,12/31/2003 0:00,23.84176565,23.79641446,JPM,0.503459425
330,1/2/2002 0:00,21.709512,21.62621982,JPM,-0.316161096
331,12/31/2002 0:00,14.83962314,14.84580889,JPM,-0.316161096
332,1/2/2001 0:00,25.47060308,25.11668614,JPM,-0.158802277
333,12/31/2001 0:00,21.48475641,21.42581332,JPM,-0.158802277
334,1/3/2000 0:00,27.13629805,26.45380654,JPM,-0.044133185
335,12/29/2000 0:00,26.79493744,25.93868678,JPM,-0.044133185
336,1/2/2020 0:00,55.32,54.99,KO,0.012292119
337,1/14/2020 0:00,56.24,56,KO,0.012292119
338,1/2/2019 0:00,45.4928509,45.4831592,KO,0.216674684
339,12/31/2019 0:00,55.2,55.35,KO,0.216674684
340,1/2/2018 0:00,43.34174529,42.99244348,KO,0.058799326
341,12/31/2018 0:00,46.02589453,45.8902107,KO,0.058799326
342,1/3/2017 0:00,37.90697703,38.18100337,KO,0.142624047
343,12/29/2017 0:00,43.14349291,43.31342352,KO,0.142624047
344,1/4/2016 0:00,37.4504886,37.50355968,KO,0.011213514
345,12/30/2016 0:00,38.08052704,37.87044018,KO,0.011213514
346,1/2/2015 0:00,36.18322295,36.08047835,KO,0.050179796
347,12/31/2015 0:00,38.2996258,37.99888971,KO,0.050179796
348,1/2/2014 0:00,34.18297273,33.80057566,KO,0.057514074
349,12/31/2014 0:00,36.74831824,36.14897475,KO,0.057514074
350,1/2/2013 0:00,29.89054301,30.38346627,KO,0.14888911
351,12/31/2013 0:00,34.19128571,34.34091935,KO,0.14888911
352,1/3/2012 0:00,27.57226565,27.56833518,KO,0.062392583
353,12/31/2012 0:00,28.9935843,29.29257054,KO,0.062392583
354,1/3/2011 0:00,25.17213903,24.91995913,KO,0.092537949
355,12/30/2011 0:00,27.51330856,27.50151714,KO,0.092537949
356,1/4/2010 0:00,21.17091133,21.12646575,KO,0.187011209
357,12/31/2010 0:00,24.97345184,25.13010905,KO,0.187011209
358,1/2/2009 0:00,16.25662756,16.4356653,KO,0.298648842
359,12/31/2009 0:00,21.32647086,21.11165056,KO,0.298648842
360,1/2/2008 0:00,21.40588838,21.26318246,KO,-0.242728101
361,12/31/2008 0:00,16.17427019,16.21007774,KO,-0.242728101
362,1/3/2007 0:00,16.4160277,16.48729845,KO,0.301206391
363,12/31/2007 0:00,21.60080379,21.36064016,KO,0.301206391
364,1/3/2006 0:00,13.46101565,13.4973165,KO,0.216498219
365,12/29/2006 0:00,16.43639077,16.37530156,KO,0.216498219
366,1/3/2005 0:00,13.47449006,13.35871879,KO,-0.012755817
367,12/30/2005 0:00,13.32571248,13.30261193,KO,-0.012755817
368,1/2/2004 0:00,15.97906451,15.83751768,KO,-0.161973627
369,12/31/2004 0:00,13.40374095,13.39087748,KO,-0.161973627
370,1/2/2003 0:00,13.61110766,13.82691231,KO,0.172816899
371,12/31/2003 0:00,15.89099092,15.96333708,KO,0.172816899
372,1/2/2002 0:00,14.19641095,14.39965017,KO,-0.04796099
373,12/31/2002 0:00,13.39838594,13.51553703,KO,-0.04796099
374,1/2/2001 0:00,18.02172766,18.17113678,KO,-0.206370168
375,12/31/2001 0:00,14.33291491,14.30258069,KO,-0.206370168
376,1/3/2000 0:00,16.9036937,16.59104468,KO,0.077278343
377,12/29/2000 0:00,18.20998315,18.20998315,KO,0.077278343
378,1/2/2020 0:00,198,200.79,MCD,0.047070707
379,1/14/2020 0:00,205.46,207.32,MCD,0.047070707
380,1/2/2019 0:00,171.2780004,171.9126888,MCD,0.153738364
381,12/31/2019 0:00,196.8,197.61,MCD,0.153738364
382,1/2/2018 0:00,165.4410371,164.9553701,MCD,0.04802969
383,12/31/2018 0:00,171.8150444,173.3871189,MCD,0.04802969
384,1/3/2017 0:00,113.1517736,111.071846,MCD,0.448566362
385,12/29/2017 0:00,164.7268209,163.907853,MCD,0.448566362
386,1/4/2016 0:00,105.6180022,105.915264,MCD,0.070099564
387,12/30/2016 0:00,114.015315,113.0217781,MCD,0.070099564
388,1/2/2015 0:00,81.97108901,81.2134682,MCD,0.29825905
389,12/31/2015 0:00,107.0322475,106.4197081,MCD,0.29825905
390,1/2/2014 0:00,81.50247506,81.16572276,MCD,0.001155274
391,12/31/2014 0:00,81.64017417,81.59663275,MCD,0.001155274
392,1/2/2013 0:00,72.8713962,73.45827993,MCD,0.120984269
393,12/31/2013 0:00,81.62033837,81.68768883,MCD,0.120984269
394,1/3/2012 0:00,80.03293411,78.06627067,MCD,-0.101602251
395,12/31/2012 0:00,71.25746595,71.90140782,MCD,-0.101602251
396,1/3/2011 0:00,59.10957957,58.72624897,MCD,0.340613654
397,12/30/2011 0:00,79.3220919,79.24310944,MCD,0.340613654
398,1/4/2010 0:00,46.50589693,46.61727941,MCD,0.265407586
399,12/31/2010 0:00,58.8105817,58.84891476,MCD,0.265407586
400,1/2/2009 0:00,44.71424264,45.69626432,MCD,0.036913738
401,12/31/2009 0:00,46.75836388,46.36481246,MCD,0.036913738
402,1/2/2008 0:00,40.78234237,40.50348875,MCD,0.093072326
403,12/31/2008 0:00,44.18380757,44.57804985,MCD,0.093072326
404,1/3/2007 0:00,29.65097922,29.80042287,MCD,0.38505265
405,12/31/2007 0:00,41.63284592,41.06816733,MCD,0.38505265
406,1/3/2006 0:00,22.74489341,22.23414485,MCD,0.323940958
407,12/29/2006 0:00,30.00420967,30.11289596,MCD,0.323940958
408,1/3/2005 0:00,20.54632467,20.6893687,MCD,0.088603786
409,12/30/2005 0:00,22.61886454,22.36680682,MCD,0.088603786
410,1/2/2004 0:00,15.93062677,15.82846644,MCD,0.308512027
411,12/31/2004 0:00,21.06648479,20.84541674,MCD,0.308512027
412,1/2/2003 0:00,10.16955485,10.40854254,MCD,0.5589676
413,12/31/2003 0:00,15.86039155,15.85400653,MCD,0.5589676
414,1/2/2002 0:00,16.42234963,16.4347579,MCD,-0.384195762
415,12/31/2002 0:00,9.873964823,10.11295251,MCD,-0.384195762
416,1/2/2001 0:00,20.80570941,20.61494425,MCD,-0.210680621
417,12/31/2001 0:00,16.38512481,16.42234963,MCD,-0.210680621
418,1/3/2000 0:00,24.00528475,23.81896432,MCD,-0.128415672
419,12/29/2000 0:00,20.80570941,20.92262999,MCD,-0.128415672
420,1/2/2020 0:00,177.68,180,MMM,0.020767672
421,1/14/2020 0:00,180.92,181.37,MMM,0.020767672
422,1/2/2019 0:00,181.6381091,184.6650885,MMM,-0.028728052
423,12/31/2019 0:00,175.23,176.42,MMM,-0.028728052
424,1/2/2018 0:00,222.1573544,222.0254431,MMM,-0.170549254
425,12/31/2018 0:00,184.075166,184.2685832,MMM,-0.170549254
426,1/3/2017 0:00,164.6170993,163.8990915,MMM,0.347193237
427,12/29/2017 0:00,222.8169105,221.7710429,MMM,0.347193237
428,1/4/2016 0:00,132.7231673,131.6205027,MMM,0.238500909
429,12/30/2016 0:00,164.7735882,164.3777633,MMM,0.238500909
430,1/2/2015 0:00,143.8663395,143.2985954,MMM,-0.061315949
431,12/31/2015 0:00,136.0221964,135.0450383,MMM,-0.061315949
432,1/2/2014 0:00,117.7373967,117.8056256,MMM,0.21903233
433,12/31/2014 0:00,144.993093,143.5256931,MMM,0.21903233
434,1/2/2013 0:00,78.55495826,79.04702138,MMM,0.52267524
435,12/31/2013 0:00,119.4004748,119.6136899,MMM,0.52267524
436,1/3/2012 0:00,68.02270115,67.80343026,MMM,0.138405119
437,12/31/2012 0:00,76.3531843,77.43739117,MMM,0.138405119
438,1/3/2011 0:00,68.67083298,68.70249676,MMM,-0.033445408
439,12/30/2011 0:00,66.78016613,66.37410894,MMM,-0.033445408
440,1/4/2010 0:00,64.12630413,64.07228028,MMM,0.065313467
441,12/31/2010 0:00,68.49668216,68.3146154,MMM,0.065313467
442,1/2/2009 0:00,42.96502931,44.18940199,MMM,0.484978879
443,12/31/2009 0:00,64.66654258,63.80216106,MMM,0.484978879
444,1/2/2008 0:00,61.12868471,60.02556704,MMM,-0.297260135
445,12/31/2008 0:00,42.72612732,42.95756362,MMM,-0.297260135
446,1/3/2007 0:00,54.98439746,55.50211461,MMM,0.112933918
447,12/31/2007 0:00,61.54235383,61.19400088,MMM,0.112933918
448,1/3/2006 0:00,53.84756277,54.78241629,MMM,0.026380309
449,12/29/2006 0:00,55.38864236,55.26807809,MMM,0.026380309
450,1/3/2005 0:00,55.68873396,55.84461091,MMM,-0.0362949
451,12/30/2005 0:00,54.0899322,53.66751691,MMM,-0.0362949
452,1/2/2004 0:00,56.59424695,55.50896904,MMM,-0.017197606
453,12/31/2004 0:00,56.06826044,55.62096137,MMM,-0.017197606
454,1/2/2003 0:00,40.2575462,41.40029894,MMM,0.406300849
455,12/31/2003 0:00,56.24802333,56.61422139,MMM,0.406300849
456,1/2/2002 0:00,37.45392186,37.48593376,MMM,0.074855294
457,12/31/2002 0:00,40.22489613,40.2575462,MMM,0.074855294
458,1/2/2001 0:00,37.02982035,37.3747213,MMM,0.021826849
459,12/31/2001 0:00,38.38226694,37.83806465,MMM,0.021826849
460,1/3/2000 0:00,29.3784621,28.86466014,MMM,0.286055457
461,12/29/2000 0:00,38.22129636,37.78233151,MMM,0.286055457
462,1/2/2020 0:00,91.08,92.04,MRK,-0.012626263
463,1/14/2020 0:00,89.27,89.93,MRK,-0.012626263
464,1/2/2019 0:00,73.29898693,73.59105355,MRK,0.240808418
465,12/31/2019 0:00,90.92,90.95,MRK,0.240808418
466,1/2/2018 0:00,53.43908284,53.08968435,MRK,0.392040526
467,12/31/2018 0:00,73.81497129,74.38936899,MRK,0.392040526
468,1/3/2017 0:00,54.18852892,55.10464945,MRK,-0.019406848
469,12/29/2017 0:00,53.6657197,53.13690036,MRK,-0.019406848
470,1/4/2016 0:00,46.15762736,46.57474108,MRK,0.16843127
471,12/30/2016 0:00,53.84956433,53.93201518,MRK,0.16843127
472,1/2/2015 0:00,49.1342652,49.10850449,MRK,-0.045951278
473,12/31/2015 0:00,46.85873341,46.87648293,MRK,-0.045951278
474,1/2/2014 0:00,41.55631134,41.23139231,MRK,0.173468644
475,12/31/2014 0:00,49.17719973,48.76502833,MRK,0.173468644
476,1/2/2013 0:00,33.62314859,33.20546973,MRK,0.240155799
477,12/31/2013 0:00,41.43967374,41.69794272,MRK,0.240155799
478,1/3/2012 0:00,29.20735145,29.5311922,MRK,0.125887034
479,12/31/2012 0:00,32.35404743,32.88417829,MRK,0.125887034
480,1/3/2011 0:00,26.72139874,26.53731636,MRK,0.087838359
481,12/30/2011 0:00,28.98374712,29.06856256,MRK,0.087838359
482,1/4/2010 0:00,25.99652395,26.13067222,MRK,0.020802489
483,12/31/2010 0:00,26.47841,26.53731636,MRK,0.020802489
484,1/2/2009 0:00,20.39758233,20.7591941,MRK,0.26479851
485,12/31/2009 0:00,25.98240308,25.79883175,MRK,0.26479851
486,1/2/2008 0:00,37.19402601,36.77100245,MRK,-0.452670081
487,12/31/2008 0:00,19.88864725,20.35740325,MRK,-0.452670081
488,1/3/2007 0:00,27.3833322,27.37711296,MRK,0.360144972
489,12/31/2007 0:00,37.62345902,37.2453016,MRK,0.360144972
490,1/3/2006 0:00,19.43215564,19.56959094,MRK,0.395414137
491,12/29/2006 0:00,27.02261604,27.1159047,MRK,0.395414137
492,1/3/2005 0:00,18.18495297,17.76997905,MRK,0.045254222
493,12/30/2005 0:00,19.33057303,19.00789886,MRK,0.045254222
494,1/2/2004 0:00,26.75976203,25.75791333,MRK,-0.317250222
495,12/31/2004 0:00,18.32138275,18.27022158,MRK,-0.317250222
496,1/2/2003 0:00,29.01967655,29.35734907,MRK,-0.128433643
497,12/31/2003 0:00,25.12833628,25.29257377,MRK,-0.128433643
498,1/2/2002 0:00,29.06563296,29.36537998,MRK,-0.018400617
499,12/31/2002 0:00,28.32417197,28.53080739,MRK,-0.018400617
500,1/2/2001 0:00,44.87854157,44.69591311,MRK,-0.35618124
501,12/31/2001 0:00,29.26218838,28.89364696,MRK,-0.35618124
502,1/3/2000 0:00,32.41878129,31.94641088,MRK,0.388043908
503,12/29/2000 0:00,45.65711554,44.99869187,MRK,0.388043908
504,1/2/2020 0:00,158.78,160.62,MSFT,0.021098375
505,1/14/2020 0:00,163.39,162.13,MSFT,0.021098375
506,1/2/2019 0:00,98.42843785,99.98074973,MSFT,0.602179243
507,12/31/2019 0:00,156.77,157.7,MSFT,0.602179243
508,1/2/2018 0:00,83.70301352,83.53293483,MSFT,0.199785715
509,12/31/2018 0:00,100.1488345,100.4256799,MSFT,0.199785715
510,1/3/2017 0:00,59.69720811,59.4975519,MSFT,0.392602223
511,12/29/2017 0:00,83.22193379,83.13446475,MSFT,0.392602223
512,1/4/2016 0:00,50.26994787,50.71415949,MSFT,0.175239424
513,12/30/2016 0:00,59.85883457,59.07922459,MSFT,0.175239424
514,1/2/2015 0:00,42.03530546,42.12539398,MSFT,0.221436569
515,12/31/2015 0:00,51.86170616,51.34345928,MSFT,0.221436569
516,1/2/2014 0:00,32.75643065,32.58979821,MSFT,0.277493265
517,12/31/2014 0:00,42.09836743,41.84611956,MSFT,0.277493265
518,1/2/2013 0:00,23.19908983,23.51408664,MSFT,0.414238734
519,12/31/2013 0:00,32.8002813,32.80905143,MSFT,0.414238734
520,1/3/2012 0:00,21.97335217,22.15129081,MSFT,0.034849356
521,12/31/2012 0:00,22.63720361,22.73910934,MSFT,0.034849356
522,1/3/2011 0:00,22.61525486,22.5588175,MSFT,-0.04997509
523,12/30/2011 0:00,21.51816032,21.48505546,MSFT,-0.04997509
524,1/4/2010 0:00,24.18545875,24.44611196,MSFT,-0.069590518
525,12/31/2010 0:00,22.41369287,22.50238014,MSFT,-0.069590518
526,1/2/2009 0:00,15.07187357,15.68700799,MSFT,0.597338147
527,12/31/2009 0:00,24.46972872,24.0748786,MSFT,0.597338147
528,1/2/2008 0:00,27.117987,26.68609953,MSFT,-0.446851739
529,12/31/2008 0:00,14.89995692,15.00026735,MSFT,-0.446851739
530,1/3/2007 0:00,22.36128918,22.32390822,MSFT,0.206282173
531,12/31/2007 0:00,27.2013337,26.97402451,MSFT,0.206282173
532,1/3/2006 0:00,19.34661111,19.78144923,MSFT,0.153892436
533,12/29/2006 0:00,22.32390822,22.32390822,MSFT,0.153892436
534,1/3/2005 0:00,19.5151253,19.47143473,MSFT,-0.012411684
535,12/30/2005 0:00,19.27290973,19.27290973,MSFT,-0.012411684
536,1/2/2004 0:00,18.00017794,17.91533301,MSFT,0.080926603
537,12/31/2004 0:00,19.47871649,19.4568712,MSFT,0.080926603
538,1/2/2003 0:00,16.91828671,17.37763598,MSFT,0.05584691
539,12/31/2003 0:00,17.89575341,17.86312074,MSFT,0.05584691
540,1/2/2002 0:00,21.56030228,21.68646159,MSFT,-0.224306077
541,12/31/2002 0:00,17.06062029,16.72419547,MSFT,-0.224306077
542,1/2/2001 0:00,14.27541095,14.03279689,MSFT,0.501246318
543,12/31/2001 0:00,21.94524991,21.43090812,MSFT,0.501246318
544,1/3/2000 0:00,37.96748205,37.70545887,MSFT,-0.630399591
545,12/29/2000 0:00,14.21394872,14.03279689,MSFT,-0.630399591
546,1/2/2020 0:00,124.5,123.41,PG,0.001526104
547,1/14/2020 0:00,124.65,124.69,PG,0.001526104
548,1/2/2019 0:00,88.54137309,88.78453846,PG,0.410639971
549,12/31/2019 0:00,124.43,124.9,PG,0.410639971
550,1/2/2018 0:00,86.32257968,85.12991567,PG,0.035731811
551,12/31/2018 0:00,89.12496997,89.40704179,PG,0.035731811
552,1/3/2017 0:00,76.38335017,76.67475065,PG,0.129631199
553,12/29/2017 0:00,86.62309345,86.28501546,PG,0.129631199
554,1/4/2016 0:00,69.07854015,69.08735568,PG,0.108382941
555,12/30/2016 0:00,76.64743185,76.56547547,PG,0.108382941
556,1/2/2015 0:00,77.5304413,77.1890479,PG,-0.097075029
557,12/31/2015 0:00,70.44494823,70.00417143,PG,-0.097075029
558,1/2/2014 0:00,67.29013329,66.63650971,PG,0.155352328
559,12/31/2014 0:00,78.5546215,77.74381217,PG,0.155352328
560,1/2/2013 0:00,55.06681249,55.66039502,PG,0.22317454
561,12/31/2013 0:00,67.70381909,67.35632302,PG,0.22317454
562,1/3/2012 0:00,51.45664828,51.86799102,PG,0.058311977
563,12/31/2012 0:00,53.74328385,54.45718718,PG,0.058311977
564,1/3/2011 0:00,48.41335488,48.69906811,PG,0.069433361
565,12/30/2011 0:00,51.90679694,51.77485681,PG,0.069433361
566,1/4/2010 0:00,44.57686332,44.58415785,PG,0.085052619
567,12/31/2010 0:00,48.18027304,48.36824227,PG,0.085052619
568,1/2/2009 0:00,43.61033058,44.39501962,PG,0.01413416
569,12/31/2009 0:00,44.87593899,44.22672595,PG,0.01413416
570,1/2/2008 0:00,50.5686681,49.91291824,PG,-0.135784415
571,12/31/2008 0:00,43.36997538,43.7022311,PG,-0.135784415
572,1/3/2007 0:00,43.41842725,43.63477569,PG,0.167225839
573,12/31/2007 0:00,51.25202848,50.67911018,PG,0.167225839
574,1/3/2006 0:00,38.60910189,38.92698129,PG,0.125440105
575,12/29/2006 0:00,43.51307969,43.45223169,PG,0.125440105
576,1/3/2005 0:00,36.13431963,35.83563523,PG,0.060790899
577,12/30/2005 0:00,38.50976458,38.33095742,PG,0.060790899
578,1/2/2004 0:00,31.75151423,31.5412182,PG,0.126378113
579,12/31/2004 0:00,36.03692254,35.76421069,PG,0.126378113
580,1/2/2003 0:00,26.91116968,27.44564239,PG,0.182586992
581,12/31/2003 0:00,31.69416076,31.82479921,PG,0.182586992
582,1/2/2002 0:00,24.20618915,24.54366454,PG,0.10968151
583,12/31/2002 0:00,26.92992311,26.86116054,PG,0.10968151
584,1/2/2001 0:00,23.44941639,23.56046571,PG,0.035281722
585,12/31/2001 0:00,24.20618915,24.27675219,PG,0.035281722
586,1/3/2000 0:00,31.7715376,31.59470158,PG,-0.259007921
587,12/29/2000 0:00,23.26033239,23.54245772,PG,-0.259007921
588,1/2/2020 0:00,149.74,153.14,UTX,0.012020836
589,1/14/2020 0:00,151.37,151.54,UTX,0.012020836
590,1/2/2019 0:00,103.4625102,106.5518244,UTX,0.447480829
591,12/31/2019 0:00,149.79,149.76,UTX,0.447480829
592,1/2/2018 0:00,123.1146769,123.3649491,UTX,-0.149076248
593,12/31/2018 0:00,103.8954077,104.7612028,UTX,-0.149076248
594,1/3/2017 0:00,103.8209543,104.234771,UTX,0.182776873
595,12/29/2017 0:00,123.5189627,122.7970237,UTX,0.182776873
596,1/4/2016 0:00,86.54507846,87.5713409,UTX,0.191249428
597,12/30/2016 0:00,104.0090528,103.0967752,UTX,0.191249428
598,1/2/2015 0:00,103.0278331,102.9383526,UTX,-0.145575607
599,12/31/2015 0:00,88.34103773,88.02949378,UTX,-0.145575607
600,1/2/2014 0:00,98.89947844,98.54032179,UTX,0.04047627
601,12/31/2014 0:00,104.3342482,102.9025604,UTX,0.04047627
602,1/2/2013 0:00,71.48776763,71.9761774,UTX,0.394474529
603,12/31/2013 0:00,99.12723632,99.6878711,UTX,0.394474529
604,1/3/2012 0:00,62.52888897,62.32020892,UTX,0.123816985
605,12/31/2012 0:00,68.98573861,70.27102749,UTX,0.123816985
606,1/3/2011 0:00,64.57945173,64.41635172,UTX,-0.055276925
607,12/30/2011 0:00,61.65243278,61.00969823,UTX,-0.055276925
608,1/4/2010 0:00,55.90419919,57.03486381,UTX,0.148324591
609,12/31/2010 0:00,64.2614067,64.19616669,UTX,0.148324591
610,1/2/2009 0:00,41.3687399,42.5217407,UTX,0.335965397
611,12/31/2009 0:00,56.27047083,55.26720504,UTX,0.335965397
612,1/2/2008 0:00,58.059304,56.97599497,UTX,-0.285608461
613,12/31/2008 0:00,41.12885383,41.47707555,UTX,-0.285608461
614,1/3/2007 0:00,46.64890511,46.80539505,UTX,0.242977686
615,12/31/2007 0:00,58.15778664,57.98354813,UTX,0.242977686
616,1/3/2006 0:00,41.38956523,41.44822183,UTX,0.125628879
617,12/29/2006 0:00,46.79794315,46.5892899,UTX,0.125628879
618,1/3/2005 0:00,37.21145576,37.13214438,UTX,0.101640135
619,12/30/2005 0:00,41.09628221,40.99363316,UTX,0.101640135
620,1/2/2004 0:00,33.67112728,33.50424518,UTX,0.10653621
621,12/31/2004 0:00,37.2943722,37.25832157,UTX,0.10653621
622,1/2/2003 0:00,21.7791485,22.1671879,UTX,0.545047695
623,12/31/2003 0:00,33.62851908,33.64982318,UTX,0.545047695
624,1/2/2002 0:00,22.28359554,22.15960645,UTX,-0.028285276
625,12/31/2002 0:00,21.57988502,21.65329788,UTX,-0.028285276
626,1/2/2001 0:00,26.44365518,25.59337687,UTX,-0.158229587
627,12/31/2001 0:00,22.4213612,22.25948655,UTX,-0.158229587
628,1/3/2000 0:00,20.97489894,20.97489894,UTX,0.274997949
629,12/29/2000 0:00,26.86879433,26.74295314,UTX,0.274997949
630,1/2/2020 0:00,118.86,118.94,WMT,-0.022547535
631,1/14/2020 0:00,115.47,116.18,WMT,-0.022547535
632,1/2/2019 0:00,89.82356382,91.48986738,WMT,0.323038131
633,12/31/2019 0:00,119.5,118.84,WMT,0.323038131
634,1/2/2018 0:00,95.07462819,94.39483981,WMT,-0.039663523
635,12/31/2018 0:00,90.83314774,91.30363345,WMT,-0.039663523
636,1/3/2017 0:00,64.63152958,64.09013317,WMT,0.462877827
637,12/29/2017 0:00,95.17037303,94.54803155,WMT,0.462877827
638,1/4/2016 0:00,54.8769613,55.74773623,WMT,0.175712266
639,12/30/2016 0:00,64.51951653,64.51951653,WMT,0.175712266
640,1/2/2015 0:00,76.14056578,75.81400951,WMT,-0.269737406
641,12/31/2015 0:00,55.62981879,55.60260707,WMT,-0.269737406
642,1/2/2014 0:00,67.78626998,67.94988013,WMT,0.118166818
643,12/31/2014 0:00,76.85545923,75.79635782,WMT,0.118166818
644,1/2/2013 0:00,57.9309785,58.19151243,WMT,0.169675337
645,12/31/2013 0:00,67.73460361,67.76043679,WMT,0.169675337
646,1/3/2012 0:00,49.19529658,49.49061602,WMT,0.165612977
647,12/31/2012 0:00,56.72075641,57.3426761,WMT,0.165612977
648,1/3/2011 0:00,43.29154389,43.55498127,WMT,0.132392668
649,12/30/2011 0:00,49.12967003,49.0230269,WMT,0.132392668
650,1/4/2010 0:00,41.93248392,42.31482328,WMT,0.026699383
651,12/31/2010 0:00,43.08398716,43.05205535,WMT,0.026699383
652,1/2/2009 0:00,42.74844817,43.66481361,WMT,-0.024380925
653,12/31/2009 0:00,42.33042897,41.70620144,WMT,-0.024380925
654,1/2/2008 0:00,35.65970497,35.20185568,WMT,0.200501777
655,12/31/2008 0:00,42.20626528,42.8095392,WMT,0.200501777
656,1/3/2007 0:00,34.676732,35.01547264,WMT,0.028779656
657,12/31/2007 0:00,35.84734813,35.67471642,WMT,0.028779656
658,1/3/2006 0:00,33.64219341,33.54785594,WMT,0.010832268
659,12/29/2006 0:00,34.0213425,34.00661465,WMT,0.010832268
660,1/3/2005 0:00,38.52926035,38.24253097,WMT,-0.118553298
661,12/30/2005 0:00,34.44769027,33.96148946,WMT,-0.118553298
662,1/2/2004 0:00,37.88365782,37.13805631,WMT,-0.000555471
663,12/31/2004 0:00,38.04182041,37.86261454,WMT,-0.000555471
664,1/2/2003 0:00,35.72866936,36.39880235,WMT,0.054352975
665,12/31/2003 0:00,37.59961915,37.67062882,WMT,0.054352975
666,1/2/2002 0:00,40.44919382,40.72984737,WMT,-0.119144053
667,12/31/2002 0:00,35.6933992,35.62991292,WMT,-0.119144053
668,1/2/2001 0:00,37.06835598,37.5916247,WMT,0.089312686
669,12/31/2001 0:00,40.76492907,40.37903043,WMT,0.089312686
670,1/3/2000 0:00,47.48965934,46.3993001,WMT,-0.219443633
671,12/29/2000 0:00,36.76137166,37.06835598,WMT,-0.219443633
672,1/2/2020 0:00,70.24,70.9,XOM,-0.014806378
673,1/14/2020 0:00,69.38,69.2,XOM,-0.014806378
674,1/2/2019 0:00,64.26024122,66.49289103,XOM,0.085896951
675,12/31/2019 0:00,69.02,69.78,XOM,0.085896951
676,1/2/2018 0:00,76.79975974,77.90841769,XOM,-0.152839729
677,12/31/2018 0:00,65.18574135,65.06170525,XOM,-0.152839729
678,1/3/2017 0:00,80.25959032,80.21546255,XOM,-0.045162888
679,12/29/2017 0:00,76.96468406,76.63483542,XOM,-0.045162888
680,1/4/2016 0:00,66.05349744,66.01940532,XOM,0.205983872
681,12/30/2016 0:00,79.45646489,79.65945264,XOM,0.205983872
682,1/2/2015 0:00,75.98643517,76.46418186,XOM,-0.125672448
683,12/31/2015 0:00,66.06202048,66.43703388,XOM,-0.125672448
684,1/2/2014 0:00,80.2544454,79.90997134,XOM,-0.051128258
685,12/31/2014 0:00,76.12646437,76.1511754,XOM,-0.051128258
686,1/2/2013 0:00,68.44963285,69.16695443,XOM,0.18439744
687,12/31/2013 0:00,80.50278717,81.07156992,XOM,0.18439744
688,1/3/2012 0:00,65.36018107,65.38298909,XOM,0.032475844
689,12/31/2012 0:00,66.30546506,67.4828081,XOM,0.032475844
690,1/3/2011 0:00,54.72731643,55.34348128,XOM,0.17747885
691,12/30/2011 0:00,64.74436455,64.44025762,XOM,0.17747885
692,1/4/2010 0:00,49.66750449,49.97828777,XOM,0.092905646
693,12/31/2010 0:00,54.31159075,54.28189606,XOM,0.092905646
694,1/2/2009 0:00,56.55315969,57.66924753,XOM,-0.128528869
695,12/31/2009 0:00,49.75423471,49.28444603,XOM,-0.128528869
696,1/2/2008 0:00,65.23763579,64.79417231,XOM,-0.135611055
697,12/31/2008 0:00,55.39468877,56.39069121,XOM,-0.135611055
698,1/3/2007 0:00,51.95160758,50.49355591,XOM,0.249603226
699,12/31/2007 0:00,65.4039346,64.91889641,XOM,0.249603226
700,1/3/2006 0:00,37.71104571,39.08126272,XOM,0.384488628
701,12/29/2006 0:00,52.46942033,52.21051396,XOM,0.384488628
702,1/3/2005 0:00,33.43479721,32.82534285,XOM,0.122900368
703,12/30/2005 0:00,37.49715818,37.54394608,XOM,0.122900368
704,1/2/2004 0:00,26.24765008,25.99809904,XOM,0.279812694
705,12/31/2004 0:00,33.42824394,33.59207575,XOM,0.279812694
706,1/2/2003 0:00,21.78438393,22.07691709,XOM,0.204296282
707,12/31/2003 0:00,26.19006138,26.23485259,XOM,0.204296282
708,1/2/2002 0:00,23.86127187,24.04341898,XOM,-0.088605193
709,12/31/2002 0:00,21.62255708,21.74703928,XOM,-0.088605193
710,1/2/2001 0:00,25.74767959,26.47238069,XOM,-0.073265154
711,12/31/2001 0:00,24.21342296,23.86127187,XOM,-0.073265154
712,1/3/2000 0:00,23.11350781,22.76753203,XOM,0.117179269
713,12/29/2000 0:00,25.83975227,25.82193175,XOM,0.117179269
